divorce_rate_maine,margarine_consumption_per_capita,year
0.005,8.2,2000
0.0047,7,2001
0.0046,6.5,2002
0.0044,5.3,2003
0.0043,5.2,2004
0.0040999999999999995,4,2005
0.004200000000000001,4.6,2006
0.004200000000000001,4.5,2007
0.004200000000000001,4.2,2008
0.0037,4.1,2009
